Progress,Duration (in seconds),Finished,ResponseId,UserLanguage,Q1,Q2,Q3,Q4,Q5,Q5a,Q5b,Q6,Q7,Q8,Q9,Q10,Q11,Q11a,Q11b,Q12,Q12a,Q12b,Q13,Q14,15,16,17,18,19,20,21,22,23,24,25,26,27,27_9_TEXT,28,28_8_TEXT,29,30,Q31,Q3 - Parent Topics,Q3 - Topics,Q4 - Topics,Q4 - Parent Topics,Q13 - Parent Topics,Q13 - Topics,27_9_TEXT - Parent Topics,27_9_TEXT - Topics,28_8_TEXT - Topics,28_8_TEXT - Parent Topics,Q31 - Topics,Q31 - Parent Topics
Progress,Duration (in seconds),Finished,Response ID,User Language,Are you,Please tell us your age,What country do you currently live in?,Which city do you currently live in?,"What kind of Connected and/or Automated Vehicle
  (CAV) have you tried before?","Were you a passenger or/and a driver in the Connected and
  Automated Vehicle (CAV)?",How many times have you ever used a CAV?,How confident are you with CAVs?,Do you have a full driving license?,How long have you owned a full driving license?,What educational level do you have? Please choose the highest educational qualification you have achieved so far.,What is your monthly net income approximately?,Which is your current main occupation?,"How often did you travel to work or to your
  place of education prior to the COVID-19 pandemic?","What was the average once-way distance for this
  trip?",Do you regularly use a smartphone or a computer?,"In case you have answered ""yes"" to the question above, how long have you been using it?",Do you use one or several of the following applications?,Which type of  shared connected vehicle did you try?,Which was the level of automation of the vehicle?,How did you feel while traveling in a CAV?,Was using a CAV the experience you had anticipated?,Was the trip comfortable compared with a conventional vehicle?,"How well do you think that the self-driving car performed regarding steering, acceleration, brake?",How do you describe the self-driving car reactions?,Which was your reaction to the car manouvers?,How difficult did you find it to book and access the shared connected vehicle?,How difficult and stressful was to use the shared connected vehicle?,How difficult and stressful was to return the shared connected vehicle?,"After this experience, would you use a shared connected vehicle for your daily trips?",Would you encourage your family or friends to use shared connected vehicles?,Would you pay a higher price for a shared vehicle with autonomous features?,Which potential  benefits do you see in using a shared fleet composed of CAVs? - Selected Choice,Which potential  benefits do you see in using a shared fleet composed of CAVs? - Other (please specify): - Text,Which potential  shortcomings  do you see about using a shared fleet composed of CAVs? - Selected Choice,Which potential  shortcomings  do you see about using a shared fleet composed of CAVs? - Other (please specify): - Text,"If a shared fleet composed of CAVs were available, I would use them.",Please imagine that large sections of the population would use shared fleets of CAVs. To what degree do the following statements apply to you?,Do you have any additional comments or suggestions?,Q3 - Parent Topics,Q3 - Topics,Q4 - Topics,Q4 - Parent Topics,Q13 - Parent Topics,Q13 - Topics,27_9_TEXT - Parent Topics,27_9_TEXT - Topics,28_8_TEXT - Topics,28_8_TEXT - Parent Topics,Q31 - Topics,Q31 - Parent Topics
"{""ImportId"":""progress""}","{""ImportId"":""duration""}","{""ImportId"":""finished""}","{""ImportId"":""_recordId""}","{""ImportId"":""userLanguage""}","{""ImportId"":""QID10""}","{""ImportId"":""QID11_TEXT""}","{""ImportId"":""QID12_TEXT""}","{""ImportId"":""QID13_TEXT""}","{""ImportId"":""QID14""}","{""ImportId"":""QID15""}","{""ImportId"":""QID16""}","{""ImportId"":""QID17""}","{""ImportId"":""QID18""}","{""ImportId"":""QID19""}","{""ImportId"":""QID20""}","{""ImportId"":""QID21""}","{""ImportId"":""QID22""}","{""ImportId"":""QID23""}","{""ImportId"":""QID24""}","{""ImportId"":""QID25""}","{""ImportId"":""QID26""}","{""ImportId"":""QID27""}","{""ImportId"":""QID28_TEXT""}","{""ImportId"":""QID29""}","{""ImportId"":""QID30""}","{""ImportId"":""QID31""}","{""ImportId"":""QID32""}","{""ImportId"":""QID33""}","{""ImportId"":""QID34""}","{""ImportId"":""QID35""}","{""ImportId"":""QID36""}","{""ImportId"":""QID37""}","{""ImportId"":""QID38""}","{""ImportId"":""QID39""}","{""ImportId"":""QID40""}","{""ImportId"":""QID41""}","{""ImportId"":""QID42""}","{""ImportId"":""QID42_9_TEXT""}","{""ImportId"":""QID43""}","{""ImportId"":""QID43_8_TEXT""}","{""ImportId"":""QID44""}","{""ImportId"":""QID45""}","{""ImportId"":""QID46_TEXT""}","{""ImportId"":""QID12_TEXT_70585aba_9qsy5lchuv8xParTopics""}","{""ImportId"":""QID12_TEXT_70585aba_j9envdusowtkTopics""}","{""ImportId"":""QID13_TEXT_70585aba_fw0s4z25vwl0Topics""}","{""ImportId"":""QID13_TEXT_70585aba_upzwlq78x7m2ParTopics""}","{""ImportId"":""QID28_TEXT_70585aba_1j8lrwdxasrmParTopics""}","{""ImportId"":""QID28_TEXT_70585aba_3uwuaht8tfliTopics""}","{""ImportId"":""QID42_9_TEXT_70585aba_ctkpunirjdg7ParTopics""}","{""ImportId"":""QID42_9_TEXT_70585aba_skzw57yz6hzyTopics""}","{""ImportId"":""QID43_8_TEXT_70585aba_ccjm9zy6p00bTopics""}","{""ImportId"":""QID43_8_TEXT_70585aba_j55coi59fuyqParTopics""}","{""ImportId"":""QID46_TEXT_70585aba_btisiueuzdtsTopics""}","{""ImportId"":""QID46_TEXT_70585aba_kpjitqcc2wqmParTopics""}"
100,308,1,R_2OZUfpa19AHVfTq,FR,2,42,Luxembourg,Hesperange ,"11,12,13,14,16,17",3,4,3,"1,2,3",5,8,5,2,3,1,1,4,"1,2,3",Tesla,3,"1,4,6",1,3,2,"1,3",2,4,3,3,1,1,3,"1,2,4",,"1,6",,1,2,,,,,,,,,,,,,
100,170569,1,R_26ezvyFreDE1PY5,DE,1,30,Luxembourg,Meispelt,"1,12,14,15,16,17",1,1,2,2,4,8,4,2,4,3,1,4,"1,3",Tesla,1,2,3,3,4,3,2,4,2,2,3,3,4,2,,6,,3,1,,,,,,,,,,,,,
100,455,1,R_NXPWmeLeCKRTVpD,EN-GB,2,29,Luxemburg,Esch sur alzette,"1,11,12,13",3,4,3,2,4,8,4,2,4,2,1,4,"1,2,3",Car,2,6,1,1,4,3,2,4,4,4,1,1,1,"3,5,6,7",,"1,3,6",,1,3,,,,,,,,,,,,,
100,780,1,R_22rGDTtLhTGKT6K,DE,1,27,Luxemburg,Rumelange,"1,11,13,14,15,16",3,5,2,3,3,8,4,6,1,2,1,4,"1,3",Keins aus einer gemeinsamen Flotte,3,"2,3,5,7",3,2,3,"4,5",3,3,3,3,2,2,4,7,,"1,5,6",,3,1,"Dieser Fragebogen ist leider oft unklar, die Antwortoptionen sind nicht ausgewogen wie zB bei der Frage 29 (2 positive, 1 negative, keine neutrale), ich muss auch Frage 27 beantworten obwohl ich keinen Vorteil sehe... somit ermöglicht der Fragebogen keine genaue Meinungswiedergabe.",,,,,,,,,,,,
100,530,1,R_33a9zp3NxCd76dQ,EN-GB,1,30,Luxembourg ,Esch sur alzette,"1,11,13,14",1,4,3,2,2,8,4,2,3,3,1,4,"1,2,3","Bus, train",1,"2,4,6",3,1,3,3,3,3,3,3,3,3,2,"1,2,3,4,6",,"4,5,6",,1,1,,,,,,,,,,,,,
100,487,1,R_2sZUfPxC58cpDp7,EN-GB,2,25,Luxembourg,Roeser,"1,12,14,15",2,1,3,2,2,8,4,2,4,3,1,4,"1,2,3",Mercedes EQC 400,"2,4","2,4",3,2,3,3,2,3,3,4,3,3,2,5,,6,,1,2,,,,,,,,,,,,,
100,273,1,R_3QQb5G6wTHMho6n,FR,2,36,Luxembourg,Esch sur alzette,"11,12,15",1,3,2,2,2,8,3,1,3,1,1,2,"1,2",EQC ,1,3,1,3,4,4,3,4,3,3,1,1,2,1,,6,,1,3,,,,,,,,,,,,,
100,1182,1,R_1mlnERdixhihxvL,EN-GB,2,34,Luxembourg,Mamer,"1,11,12,14,15,16",3,3,4,3,4,8,5,2,4,1,1,4,"1,2,3",Tcross ,"2,3","4,6",3,3,2,2,1,3,3,3,1,1,2,"1,6",,6,,1,3,,,,,,,,,,,,,
100,764,1,R_1oeaKRU6b9pILQI,EN-GB,1,34,Luxembourg ,Esch-sur-Alzette ,"1,13,15,16",2,1,4,3,5,8,4,2,4,3,1,4,"1,2,3",EQC,"2,3,4","1,2,4,6",4,1,1,"1,2",2,4,4,4,2,2,2,"1,6",,6,,1,3,"Great experience, adapting to CAV might take some time, but it's still too expensive for the general population. ",,,,,,,,,,,,
100,411,1,R_31yGMaCoONQ8dCJ,FR,2,26,Luxembourg,Belval,19,,,4,2,3,8,4,2,4,1,1,4,"1,2,3",Aucun,"2,3,4","1,2,6",3,1,2,3,2,4,3,4,1,1,2,"1,2,6,7",,8,Devoir recharger les batteries plus fréquemment ,1,3,,,,,,,,,,,,,
100,433,1,R_XTi4neNa39aXprr,EN-GB,2,26,Luxembourg,Belval,"1,12,13,14,15,17",3,3,2,2,4,8,4,2,4,3,1,2,"1,2,3","Escorter, car",1,"1,2,4",1,1,2,"1,2",1,3,3,3,2,1,3,"1,3,4",,6,,1,2,,,,,,,,,,,,,
100,422,1,R_3oYLxkt15jTtNQZ,EN-GB,2,30,Luxembourg,Luxembourg,"1,12,13,14,15,16",1,1,3,2,2,8,5,2,4,1,1,4,"1,2,3",Mesedes EQC,4,"2,6,7",1,1,2,3,2,4,2,2,3,3,4,"1,5,6",,8,Not always safe on the left line.,1,2,"Once on the left line, i feeled not 100% save and I had to take the control back.",,,,,,,,,,,,
100,554,1,R_1eXM6q3E2CVc6bq,EN-GB,2,26,Luxembourg ,Esch-sur-alzette ,"1,11,12,14,15,17",2,2,3,2,3,8,4,2,3,2,1,4,"1,2,3",Mercedes EQC,3,"4,6",1,1,2,3,2,4,4,4,1,1,2,"1,2,5,6,7",,6,,1,3,,,,,,,,,,,,,
100,306,1,R_1FDFkR97zaEvqrN,EN-GB,2,26,Luxembourg ,Esch-sur-Alzette,"1,11,12,13,14,15,16,17",3,3,3,2,3,8,4,2,3,1,1,4,"1,2,3",Mercedes EQC,"2,3","2,6",3,1,3,"3,4",3,4,3,3,3,3,1,"1,5,6,7",,6,,1,3,,,,,,,,,,,,,
100,515,1,R_UA98tmbt2P5JBCx,EN-GB,1,24,Luxembourg,Belval,"1,13,15",3,3,3,2,2,8,4,2,3,2,1,4,"1,3","Car sharing, ride sharing",3,"1,2,4",3,1,4,"2,3",2,3,3,3,3,3,3,"1,4,5,6",,"4,5",,1,1,,,,,,,,,,,,,
100,515,1,R_1doB2I9WeKfBgcA,EN-GB,1,30,Luxembourg ,Esch sur alzette ,"1,12",2,3,2,2,4,8,4,2,1,1,1,4,"1,2,3",Merceder eqc 400,3,2,1,1,3,2,2,2,3,4,1,1,3,"5,6",,6,,1,2,The autonomous break is too hard. It needs time to get used.,,,,,,,,,,,,
100,295,1,R_3ReJ5gyITHEv9op,FR,2,34,Luxembourg,Luxembourg Villa,"1,11,12,15,16",3,4,3,2,5,8,6,2,4,3,1,4,"1,3",EQC400,3,"2,6",3,3,2,3,2,4,4,4,3,3,3,"4,6,7,8",,6,,1,2,,,,,,,,,,,,,
100,576,1,R_2UfL3Dt71Xz5SYB,EN-GB,1,27,Luxembourg,Esch-sur-alzette,11,2,1,3,2,3,6,4,2,4,2,1,4,"1,2,3",EQC,3,6,1,1,1,2,2,3,4,3,1,1,3,"1,3,6",,6,,1,2,,,,,,,,,,,,,
100,1243,1,R_2rDcICUuGUGErp6,EN-GB,4,35,Germany,Trier,19,,,3,2,5,8,5,2,5,4,1,4,"1,3",I don’t know. It was a Mercedes I think,"2,3","5,6",4,1,1,3,2,4,3,4,4,4,4,"1,5",,8,I am troubled with the monitoring of data,1,1,"I feel the more technologically advanced the vehicle, the more difficult is to learn how to use it in a couple of minutes. Shared cars should be extremely easy to use in order to avoid teje driver having to figure it out while driving. Therefore I’m not sure we are reaching the goal of improving safety if the driver gets nervous in the middle of the road looking for a button.",,,,,,,,,,,,
100,632,1,R_1H1aWpnYBBaRBGW,EN-GB,2,32,Luxembourg,Luxembourg,"1,11,12,13",3,4,3,2,4,8,5,1,3,1,1,4,"1,2,3",Mercedes EQC400,3,"4,5,6",1,1,2,1,2,3,2,3,1,1,1,"1,2,3,4,5",,3,,1,3,,,,,,,,,,,,,
100,427,1,R_dhgn4vvPFvrIUql,EN-GB,2,25,Luxembourg,Esch-sur-Alzette,19,,,4,2,2,8,4,1,1,2,1,4,"1,3",Mercedes eqc,3,"4,6",3,1,2,"1,2",1,4,4,3,1,1,4,"1,7",,6,,1,2,,,,,,,,,,,,,
100,817,1,R_8qVCtXCVrG9v0wp,FR,2,27,France,Yutz,"1,12",1,3,4,2,2,8,4,2,4,4,1,3,1,Mercedes EQC,3,2,1,1,4,2,2,4,3,3,1,1,3,"1,2",,6,,1,"2,3",,,,,,,,,,,,,
100,257,1,R_2atvnLugch4Y4vr,EN-GB,2,26,Luxembourg,Esch sur alzett ,"1,11,12,14,15,16",2,2,4,3,3,8,4,2,4,1,1,2,"1,2,3",eqc Mercedes ,3,"3,5",2,1,3,4,3,4,4,4,2,2,2,"1,2,4,5,6,7",,2,,3,1,,,,,,,,,,,,,
100,314,1,R_3MoqOQBEtn0dgh2,EN-GB,2,30,Luxembourg,Luxembourg ,19,,,3,3,4,8,7,2,4,3,1,4,"1,2,3",eqc,4,"1,2",1,1,2,1,2,4,4,4,1,1,3,"1,3,5,6,7",,6,,1,2,,,,,,,,,,,,,
100,324,1,R_3RrzZwWwULwlzYv,EN-GB,2,27,Luxembourg,Esch sur alzette,"11,12",2,2,4,3,3,8,4,1,3,3,1,4,"1,3",EQC,"2,3","1,2,4,6",1,1,1,1,2,3,4,4,1,1,1,"1,2,3,4,5,6,7,9",Better for environment ,6,,1,3,,,,,,,,,,,,,
100,448,1,R_WfIvrhrLTAwJ6RH,EN-GB,1,30,Luxembourg,Schifflange,"1,11",1,1,2,3,4,8,5,2,4,3,1,4,"1,3",BlablaCar,1,"3,5",1,1,1,2,2,4,3,4,3,1,1,"1,3,6",,"4,6",,1,2,Not really,,,,,,,,,,,,
100,393,1,R_1QDtqKnA4xe5G5b,EN-GB,1,32,Luxembourg ,Esch-sur-Alzette ,11,2,2,4,2,4,8,5,2,3,1,1,4,3,Eqc,3,1,1,1,2,1,2,4,4,4,4,1,4,"1,3",,7,,1,2,,,,,,,,,,,,,
100,430,1,R_21G4ZqsJ7GKX5Lc,FR,2,41,Luxembourg ,Oberkorn,"1,11,12,16",2,3,4,2,5,6,7,2,3,3,1,4,1,Mercedes EQC,4,"1,4,6",1,1,1,1,2,4,4,4,1,1,1,"1,2,7",,7,,1,2,,,,,,,,,,,,,
100,503,1,R_XsT6yZ8NfhSHKiR,EN-GB,2,28,Luxembourg ,Esch sur Alzette ,"18,19",,,3,2,2,8,4,1,4,4,1,2,"2,3",Level 1,2,5,1,2,1,4,2,4,4,4,1,1,3,1,,"3,5",,1,1,No,,,,,,,,,,,,
100,378,1,R_2D085wswDhK5jvy,EN-GB,2,30,Luxembourg,Esch-sur-Alzette,"15,16",2,1,2,3,4,8,5,2,4,2,1,4,"1,3",None,4,"2,5",4,3,3,3,2,3,2,3,3,3,3,"4,6",,"1,5",,1,2,,,,,,,,,,,,,
100,547,1,R_2D1a52i16Zs41Lb,EN-GB,2,41,Luxembourg,Roeser,"1,11,12,13,15,16",2,3,3,2,5,8,5,2,4,3,1,4,"1,3",EQC,3,"2,4,6",2,1,3,5,3,4,3,4,4,4,2,"3,6",,6,,1,3,Shared fleet with CAV will depend on the price,,,,,,,,,,,,
100,212,1,R_3k6QwUnRgd6uXw9,FR,1,37,Belgique ,Luxembourg ,1,1,3,3,2,3,5,4,2,4,4,1,4,"1,2",EQC ,3,3,1,1,2,3,2,4,4,4,1,1,1,"1,3,4,7",,"4,6",,1,2,,,,,,,,,,,,,
100,259,1,R_2qgbs3gGw6ggG88,EN-GB,2,34,Luxembourg ,Belvaux ,1,1,2,2,3,2,8,4,2,4,4,1,2,1,None,1,5,1,4,4,3,2,3,2,3,1,1,3,7,,6,,3,2,No,,,,,,,,,,,,
100,338,1,R_D7Q8V0qxGCXbRFn,FR,2,56,Belgique,Arlon,"1,11,13,14",2,2,3,2,5,8,7,2,4,4,1,4,"1,2,3",EQC,"2,3","2,6,7",2,3,4,4,2,4,3,4,3,3,3,"5,6,7",,"1,5,6",,1,3,,,,,,,,,,,,,
100,465,1,R_DiQGRytLsMvugff,EN-GB,3,32,Luxembourg ,Luxembourg ,"1,12,13,15,16,17",3,4,3,2,4,8,5,2,4,3,1,4,"1,2,3",Level 2 Mercedes ,"2,3","1,4,8",3,1,3,2,2,3,3,3,1,1,1,"1,3,6,9",Confort,6,,1,"2,3",,,,,,,,,,,,,
100,69330,1,R_3M6isC6spfByltI,DE,1,35,Luxemburg,Luxemburg,"1,11,12,13,14,15,16,17","2,3",3,3,2,5,8,5,2,3,1,1,4,"1,2,3",EQC,3,2,3,3,3,3,2,3,4,3,1,2,2,9,Ich sehe keine speziellen Vorteile.,6,,1,2,"Ich sehe keinen Vorteil darin, wenn die Autos automatisiert sind. Die Bremsreaktion auf der Autobahn war schlechter als meine eigene. Wenn der Abstand zum vorderen Fahrzeug nicht viel weiter eingestellt wird (ohne dass Mitfahrer den Abstand selbst verstellen können) macht es keinen Unterschied denke ich. Außerdem Fahrt man in der Regel in Luxemburg maximal 20min auf der Autobahn. Der Fragebogen war ein wenig verwirrend, mir wurde gesagt dass Auto, das ich getestet habe, sei Level 2. Im Fragebogen habe ich keine Level Abgabe gesehen und die vorherige Frage war irreführend, ich war mit nicht sicher, ob hier wirklich nach dem Modell von Test gefragt wird oder nach irgendeinem Modell, welches man verwendet hat. Außerdem ist der Ausdruck "" automatisiertes und vernetztes Fahrzeug aus einer gemeinsamen Flotte"" sehr seltsam. Das Auto war natürlich sehr komfortabel im Vergleich zu den kleinen peugeots vom Uni Car sharing, aber im Vergleich zu anderen beiden Audi Modellen ohne Fahrassistenten nicht komfortabler, nur weil man für 20sek die Hände von Steuer nehmen kann. Bei Frage 30 hätte ich mir eine neutrale Antwortmöglichkeit gewünscht. Für mich fühlt es sich weder für noch schlecht an, da ich keinen Vorteil im Fahrassistenten feststellen konnte. Oder ist hier allgemein das Carsharing gemeint?",,,,,,,,,,,,
100,419,1,R_2whKqxofsbqL0b3,EN-GB,2,27,Luxembourg,Esch-sur-Alzette,"1,11,13",3,3,4,3,3,8,4,2,4,2,1,4,"1,3",Mercedes EQC,3,"2,5,6",4,3,3,3,2,3,3,4,3,3,2,8,,"1,6",,3,2,I would suggest envisoning additional ways to ensure the attention of the driver,,,,,,,,,,,,
100,239,1,R_3fuxLvuuMGbvUQS,FR,2,43,Luxembourg,Esch-sur-Alzette,"1,11,12,14,15,16",2,4,3,2,5,8,6,2,4,2,1,4,"1,3",5008 Tiguan,2,1,1,1,4,2,2,4,3,4,1,1,1,"1,4,9",Confort,6,,1,2,,,,,,,,,,,,,
100,600,1,R_3EbUE4nrd1JfCeO,FR,2,30,LU,Bettembourg,"1,12",3,3,4,2,4,8,4,2,3,4,1,2,"1,2,3",Mercedes EQC,3,"1,2,3,6",3,1,3,3,2,3,3,3,1,1,1,"2,4,5",,"6,8",apprentissage au début,1,"2,3",,,,,,,,,,,,,
100,461,1,R_2VsgiGpXZvkcG5S,EN-GB,1,26,Luxembourg,Luxembourg,"1,11,13,14,16",3,3,3,2,3,8,4,2,4,2,1,4,"1,2,3",Mercedes EQC,3,"2,4,5",1,1,4,"1,2",2,3,3,3,1,1,4,"1,6",,6,,1,2,,,,,,,,,,,,,
100,415,1,R_3qV90NfTpZM18mD,EN-GB,2,29,Luxembourg,Esch-sur-alzette,"11,12",1,1,3,2,2,8,4,1,4,1,1,4,"2,3",Flex,2,"5,6",1,2,1,4,2,4,2,2,3,1,3,"2,3",,"5,6",,1,2,,,,,,,,,,,,,
100,652,1,R_25Qwr8nHWZRtSoq,EN-GB,2,29,Luxembourg ,Esch-sur-Alzette ,"1,12,13,14,15",1,1,2,3,2,8,4,2,4,1,1,4,"1,2,3",Mercedes Eqc,"2,3","2,5,6",1,2,1,"2,4",2,4,3,4,1,1,2,"1,3,6",,6,,1,3,,,,,,,,,,,,,
100,839,1,R_3F2lwNgUFJ19kQp,EN-GB,2,38,Luxembourg,Belvaux,"1,11,12,13,14,15,16,17","1,2",5,4,"1,2,3",5,8,7,6,3,1,1,4,"1,2,3",Mercedes EQC,3,"2,6",2,3,3,"2,3,4",2,2,3,3,1,1,2,"4,5,6",,6,,1,2,I was surprised that the car steered away considerably from the center at one point. Eve though the right line was very clear. The left line was also reasonably visible,,,,,,,,,,,,
100,431,1,R_3p8ZOtumCajzK9P,EN-GB,2,51,Luxembourg,Luxembourg,"1,12,14,15",3,2,3,2,5,8,5,2,4,4,1,4,"1,3",Mercedes EQC 400,3,"1,2,6",1,1,1,2,2,4,4,4,1,1,3,"1,3,5",,"5,6",,1,2,,,,,,,,,,,,,
100,484,1,R_22D03KNCtZuSuxz,EN-GB,2,46,Luxembourg ,Hagen,"1,11,12,15,16,17",3,5,4,2,5,8,6,2,3,3,1,4,"1,2,3","Hyundai, autonomous shuttle bus","2,3,4",6,1,3,4,2,2,3,3,3,3,3,3,"1,2,3,6",,"4,6",,1,3,,,,,,,,,,,,,
100,602,1,R_2CJ9cRmeZPIWZX0,EN-GB,2,28,Luxembourg,Esch-sur-Alzette,"1,11,12,13,15",3,4,4,3,4,6,4,2,4,1,1,4,"1,2,3",Mercedes EQC,3,"1,2,6",1,1,1,"1,2",2,3,4,4,1,1,1,"1,4,5,6,7",,7,,1,"2,3",,,,,,,,,,,,,
100,983,1,R_8BT3c6HqYDcqVuV,EN-GB,2,31,Luxembourg ,Esch/Alzette,"1,11,12,13,14,15,16",3,4,4,2,4,8,5,2,4,4,1,4,"1,2,3",Mercedes EQC,"2,3","2,6,7",3,3,3,3,2,3,4,3,3,1,3,"3,5,6,7,9",Technology accessibility ,6,,1,2,,,,,,,,,,,,,
30,197,0,R_bdxm10LcyKxTa93,EN-GB,2,25,Luxembourg,Belval,"1,12,14",3,4,3,3,3,2,,,,,,,,,,,,,,,,,,,,,,,,,,,,,,,,,,,,,,,,
100,260,1,R_28ZES4bWeLn9pRZ,FR,2,38,Luxembourg ,Luxembourg ,"1,11,12,13,14",3,3,3,2,2,8,6,2,3,2,1,2,4,Renault Zoe,2,2,1,1,4,3,2,3,3,3,2,3,2,"2,3,4,5,6",,1,,1,2,,,,,,,,,,,,,
100,438,1,R_2pQqEFUUtFjhVUc,FR,1,27,France,Villerupt ,"1,13,17",2,2,4,3,3,8,4,2,4,4,1,4,"1,2",Tesla,"2,4",1,1,1,4,2,2,4,3,4,1,3,1,"1,2,4,5,6,7,8",,1,,3,2,,,,,,,,,,,,,
100,438,1,R_1pE72TxFGAQ4R3h,FR,2,40,Luxembourg,Esch sur Alzette,"1,13,15,16,19",,,4,2,5,8,4,2,3,4,1,4,"1,3",Tesla,4,2,1,3,4,2,2,3,4,3,1,1,3,"2,3",,1,,1,3,,,,,,,,,,,,,
100,388,1,R_2b2fimbwTPidbrv,DE,2,22,Luxemburg ,Ettelbruck,"14,15",1,1,4,2,2,7,5,2,4,4,1,4,"1,3",Tesla S,1,2,1,1,1,2,2,4,4,4,1,1,1,"1,4",,7,,1,2,,,,,,,,,,,,,
100,317,1,R_3KILXDjn88xfsCo,DE,1,27,Luxemburg,Tuntange,"1,11,15,16",2,2,3,2,3,8,7,2,4,4,1,2,"1,3",Keins,"2,3","3,5,7",1,1,2,3,3,4,4,4,3,3,2,"5,6,7,8",,"1,2,3,6",,1,2,Dauer Batterie + Anschaffungspreis des Wagens,,,,,,,,,,,,
100,490,1,R_2QALtWyZFrdEgvX,EN-GB,1,25,France,Koenigsmacker ,"1,11,12,13,14,15,16",2,2,3,2,3,8,4,2,5,4,1,4,"1,2,3",Testla S,4,"1,2,6,7",3,1,4,3,2,3,3,3,1,1,3,"3,5,6,7",,7,,1,3,,,,,,,,,,,,,
100,359,1,R_3L0xPWeqKYXvbpb,FR,2,23,France ,Manom,19,,,3,2,2,8,4,2,2,4,1,1,1,Tesla ,1,"2,6",1,1,2,1,2,3,2,3,1,1,1,"1,4,7",,1,,1,1,,,,,,,,,,,,,
100,418,1,R_6fiqxOD3vBF8Bkl,FR,1,35,Luxembourg ,Moutfort ,"12,15,16",2,2,3,1,4,7,7,2,4,4,1,4,1,Tesla,4,"2,6",3,3,4,2,2,4,3,4,3,3,1,"6,7",,7,,1,2,,,,,,,,,,,,,
100,533,1,R_12tiHsuD6RLPLEQ,FR,1,44,Luxembourg ,Bertrange ,"1,11,12,13,14,15,16,17",2,4,4,2,3,8,5,2,3,3,1,4,"1,2,3",Tesla model S,2,2,3,3,4,4,3,4,4,4,1,3,2,"2,3,8",,6,,4,3,,,,,,,,,,,,,
100,360,1,R_24dvSpQUTwgzeCa,EN-GB,2,31,Germany,Trier,"1,13,16,17",2,2,3,2,4,8,5,2,4,4,1,4,"1,3",Tesla,4,"2,4,6",1,4,4,2,2,4,4,4,1,1,2,1,,6,,1,2,,,,,,,,,,,,,
100,505,1,R_31FZ3y7GZyb105M,FR,2,39,Luxembourg ,Audun le tiche ,19,,,3,2,3,8,4,2,3,4,1,4,"2,3",Tesla ,4,"2,6",1,2,4,4,2,3,3,3,3,3,2,7,,"1,4,5,6",,3,1,,,,,,,,,,,,,
100,663,1,R_1IykUwSB5DZWcJw,EN-GB,2,28,Luxembourg,Echternach,"1,15,16,17",2,3,4,"3,4",3,8,5,2,4,3,1,4,"1,3",Tesla,4,1,3,1,4,2,2,4,4,4,1,1,1,"1,5,6,9",Comfort,6,,1,"2,3",,,,,,,,,,,,,
100,320,1,R_5hgz31rb6ofCoud,FR,2,30,Luxembourg ,Luxembourg ,17,2,2,3,2,4,8,4,2,4,3,1,4,"1,3",Tesla,4,2,2,3,3,3,2,4,4,4,2,2,2,1,,6,,1,3,,,,,,,,,,,,,
100,525,1,R_2Po19MzxclqK8cD,DE,1,50,Luxembourg ,Contern ,"1,14,15,16",2,3,4,3,5,8,7,2,4,2,1,4,"1,3",Tesla Model S,4,"1,4,6",1,1,1,"1,2",1,4,4,4,1,1,1,"1,2,4,9",Entspannteres Fahren ,7,,1,3,Eine tolle Erfahrung ,,,,,,,,,,,,
100,1118,1,R_1NbjLDLyJ1A5D0p,DE,2,54,Deutschland ,Ober- Flörsheim ,"1,11,15,16",2,2,4,2,5,8,5,2,4,2,1,4,1,Tesla model S,4,"1,4,6",1,1,3,2,2,4,4,4,1,1,1,"1,2,6",,8,No difference,1,2,,,,,,,,,,,,,
100,611,1,R_DTUUN81UfV93Aw9,DE,2,54,Deutschland ,Wincheringen ,"1,16,17",2,2,4,"3,4",5,6,5,2,4,3,1,4,"1,3",Tesla,4,"1,2",1,1,1,"1,2",2,4,4,1,1,1,4,"1,2,4,6,8",,6,,1,2,"Gerne noch einmal,",,,,,,,,,,,,
100,600,1,R_1jwwUcO9j0Ybf2x,EN-GB,2,31,Germany ,Bollendorf ,"1,15,16",2,3,2,3,5,8,7,2,4,4,1,4,1,Tesla Model S,4,"2,6",1,2,3,3,2,4,3,4,2,3,2,"5,6",,"1,5,6",,3,1,Q30. Good idea on speed limited highways. Good idea on city rings. Can't imagine on country side ,,,,,,,,,,,,
100,313,1,R_31NN67JIgkaENyK,DE,2,25,Luxemburg,Mamer,"1,11,12,13,15,16,17",2,2,4,2,3,8,2,1,4,2,1,4,"1,2,3",Smarter tempomat,4,"2,6",3,1,3,3,2,3,2,2,1,1,1,"2,3,6,8",,"1,4,6",,1,2,,,,,,,,,,,,,
100,271,1,R_2DNbYjJSFmswSYb,FR,1,25,France,Metz ,"1,11,12,15,17",1,4,4,2,3,7,7,1,3,3,1,2,1,Gps ,1,"1,4,6",1,1,1,1,1,3,3,4,1,1,3,"1,2,3,7",,7,,1,2,,,,,,,,,,,,,
100,337,1,R_3Hq96lZQ22eq7Le,FR,2,24,France,Metz,"1,12,15,16,17",2,1,4,2,2,2,2,1,3,2,1,4,"1,3",Aucun,1,1,3,1,2,1,1,3,4,4,1,1,3,"1,6,7",,7,,1,2,,,,,,,,,,,,,
100,252,1,R_e50skq3WhuyJiZH,FR,2,42,Luxembourg,Hesperange,"11,13,14,16",1,4,3,"1,2,3",5,7,6,2,3,1,1,4,"1,2,3",Tesla,3,1,1,1,2,"1,2",2,4,4,4,3,1,2,"1,4",,"1,5",,1,2,,,,,,,,,,,,,
100,407,1,R_1gLM6yilI3w89Lb,FR,2,47,Luxembourg ,Luxembourg ,"1,11,12,13,14,15,16,17",2,5,3,2,5,8,6,2,4,2,1,4,"1,2,3",Tesla ,4,2,1,3,4,2,2,4,2,4,3,1,2,2,,6,,1,3,,,,,,,,,,,,,
100,176,1,R_1CKDl8UtQP4F9pL,FR,1,40,Luxembourg,Hesperange,"1,11,13",1,2,2,2,4,8,6,2,3,2,1,4,1,Tesla,1,"1,4",3,3,2,"1,2",1,4,4,4,3,3,3,"1,2,4",,1,,1,2,,,,,,,,,,,,,
100,547,1,R_10vX1KMipaQE4bG,FR,1,46,Luxembourg ,Luxembourg ,"1,12,15,16",1,5,2,2,5,8,6,2,3,1,1,4,"1,3",Tesla ,3,2,3,3,3,4,1,3,2,4,2,3,2,2,,7,,1,2,,,,,,,,,,,,,
100,697,1,R_BtB1DN6N2nvod7X,EN-GB,2,30,Luxembourg,Differdange,"1,12,13,14,15",1,2,3,2,3,8,5,2,4,3,1,4,"1,2,3",Tesla,4,"2,6",1,4,2,2,2,4,3,4,1,1,3,"1,3,9",More access to other more unsecure drivers,6,,1,2,Was fun,,,,,,,,,,,,
100,850,1,R_5zhmyHjK6l8Jq8x,EN-GB,1,25,France,Metz,"1,11,12,13,14",2,3,3,2,3,8,4,2,4,4,1,4,"1,2,3",Tesla S,"2,3,4","2,4,6",1,1,4,"1,2",2,4,4,4,3,1,3,"4,5,6,7",,7,,1,"2,3",Thank you !!,,,,,,,,,,,,
100,655,1,R_3gXYGN28LNsPtPt,FR,2,47,Luxembourg,Mensdorf,"15,16,17",2,2,3,2,5,8,7,2,3,3,1,4,4,Tesla,4,"1,2,5,6",1,1,4,2,2,4,3,4,3,1,3,7,,1,,3,3,Freinage tardif quand reduction de vitesse,,,,,,,,,,,,
100,928,1,R_3qDJ95SDzbOvOmQ,DE,2,36,Luxemburg,Bridel,"1,11,13,14,15,16,17",3,3,4,2,5,8,5,2,3,3,1,4,"1,3",Tesla,4,"1,6",1,1,1,1,2,4,4,4,1,1,1,"1,2,4,6,7,8",,6,,1,3,,,,,,,,,,,,,
100,494,1,R_1Hdv4yLshdXrLAy,DE,1,26,Luxemburg,Sandweiler,"1,14,15,16",1,2,3,2,4,8,7,2,3,2,1,4,"1,3",Tesla,4,"2,6",1,4,2,3,1,4,4,4,3,3,3,"2,6,7",,5,,4,1,,,,,,,,,,,,,
100,397,1,R_3qJ4nocXHNH8c0c,FR,2,37,France,Bechy,16,2,1,3,2,5,6,7,2,3,4,1,4,1,Tesla,4,"1,2,6",1,1,2,2,2,4,3,3,1,1,1,"1,6,7",,4,,1,3,,,,,,,,,,,,,
100,136,1,R_24voiNEDtPgqRLu,FR,2,38,Luxembourg,Luxembourg,"1,11,12,13,14",3,3,2,2,4,8,4,2,2,2,1,4,1,Tesla,1,"1,4,6",1,3,4,3,2,3,3,3,3,1,2,"1,2",,"1,4,5",,1,3,,,,,,,,,,,,,
100,279,1,R_2cnkUZutPeRxkvO,DE,1,30,Luxemburg,Meispelt,"1,12,14,15,16,17",2,2,3,2,4,8,7,2,3,2,1,4,"1,3",Tesla,4,"2,6,7",3,3,4,2,1,4,4,4,3,3,2,"2,6,7",,"4,5,6",,4,1,,,,,,,,,,,,,
100,1566,1,R_8hOS48DI8ZuOgDf,EN-GB,2,44,Luxembourg ,Itzig,"1,14,15,16","1,2,3",3,1,2,5,8,7,2,3,2,1,4,"1,3",Car,3,2,3,1,4,2,2,3,2,3,3,3,2,1,,6,,1,2,,,,,,,,,,,,,
100,412,1,R_Rb18ak6D59lA8PD,EN-GB,2,40,Luxembourg ,Luxembourg ,"1,11,12,13,14,15,16,17",3,4,4,3,5,8,5,2,4,2,1,4,"1,2,3","Volvo, Tesla, Polestar","2,3,4",2,3,1,2,2,2,4,4,4,1,1,1,1,,7,,1,2,,,,,,,,,,,,,
100,211,1,R_6Sz4LwBEFPs6rDz,FR,2,46,Luxembourg,Strassen,"1,12,14,15,16,17",3,5,4,2,5,8,6,2,4,2,1,4,"1,3",Volvo,"3,4",1,3,2,3,2,2,3,3,3,1,1,2,"4,6",,"2,6",,1,3,,,,,,,,,,,,,
100,390,1,R_2ZEtZFwRMQ1f7SR,EN-GB,1,45,France ,Breistroff la grande ,"1,11,13,15,16,17",2,4,4,2,5,8,4,2,4,3,1,4,"1,2",Tesla model s,"2,3,4","2,4,6",3,1,2,1,2,3,3,3,1,1,2,1,,6,,1,3,,,,,,,,,,,,,
100,283,1,R_3iQlNANo0vZ0L1b,FR,2,39,France,Metz,"1,11,12,13,15,16,17",3,2,3,2,5,8,5,2,3,4,1,4,1,Tesla s,"2,4","1,2,4,5,6",3,2,2,2,2,4,3,3,3,3,3,"1,2,6,8",,"1,6",,1,3,,,,,,,,,,,,,
100,250,1,R_sL52iERivZGNGPT,FR,2,25,France,Thionville,19,,,4,2,3,8,4,2,4,4,1,4,"1,3",Tesla S,4,"1,6",1,1,1,2,2,4,3,3,1,1,3,"1,2,6",,6,,1,3,,,,,,,,,,,,,
100,647,1,R_1fjdiNDQM4F3Fn9,DE,2,67,Luxemburg,Bartringen,"14,15,16,17",2,2,3,"1,2,3,4",5,4,7,5,,,2,,,Tesla,4,"2,3,5,6,7",1,3,2,2,3,4,2,4,4,3,2,"1,2,4,7",,"4,6",,1,2,,,,,,,,,,,,,
100,936,1,R_37xVnnvUdV2lMtj,DE,1,57,Luxemburg,Bartringen,"1,16",1,2,3,2,5,5,7,5,,,1,3,1,Tesla,4,5,1,3,2,2,1,4,4,4,4,1,4,7,,7,,1,2,,,,,,,,,,,,,
100,316,1,R_XMbo8l4TgcbYHVD,DE,1,29,Luxemburg,Moutfort,"1,14,15,16,17",2,2,3,2,4,7,7,2,3,3,1,4,1,Tesla,4,"1,4,6",1,3,2,1,2,4,3,4,3,3,3,"1,2,4,7",,"4,5,6",,1,2,,,,,,,,,,,,,
100,246,1,R_25MIwHyuCDma8Op,FR,2,28,France,Hussigny,"1,11,12,13,14,15,16,17",3,5,4,2,3,8,4,2,3,3,1,4,"1,2,3",Tesla,4,"1,2",1,1,2,2,2,4,4,4,3,3,3,"2,4",,1,,1,3,,,,,,,,,,,,,
100,290,1,R_1JUCHAXG1o2nSsx,DE,1,43,Deutschland ,Trier,"1,11,12,13,14,15",2,2,1,2,5,8,5,2,3,4,1,4,4,Tesla,3,"2,3",4,1,4,4,2,4,3,4,1,1,4,"6,7,8",,7,,1,2,,,,,,,,,,,,,
100,322,1,R_2zIVzxjrRMoZrym,FR,2,49,Luxembourg ,Bettembourg,"1,11,12,13,14",1,3,1,2,5,8,5,2,4,1,1,4,"1,2,3",Tesla ,3,3,3,2,3,4,2,3,1,2,2,2,2,9,Aucun ,6,,3,2,,,,,,,,,,,,,
100,384,1,R_9AG2GWOTJZtuZqN,DE,2,29,Luxemburg,Sandweiler,"1,14,15,16,17",2,2,4,2,4,8,7,2,3,3,1,4,"1,3",Tesla,4,"1,2,4,6",3,3,2,1,1,4,4,4,3,3,3,"1,2,4,7",,"4,5,6",,1,2,,,,,,,,,,,,,
100,260,1,R_1ff0ADivFyEVmR3,DE,1,29,Luxemburg,Moutfort,"1,14,15,16,17",1,2,3,"1,2",4,8,7,2,3,3,1,4,1,Tesla,4,"1,4,6",3,3,2,1,2,4,4,4,3,1,3,"1,2,4,7",,"4,5,6",,1,2,,,,,,,,,,,,,
100,338,1,R_3dKyRGpKz3OrQ21,DE,2,31,Luxemburg,Neuhaeusgen,17,2,1,4,"2,4",4,7,5,2,4,2,1,4,1,Tesla,4,"1,2,4,6",1,3,4,"1,2",2,4,4,4,3,3,3,"1,7",,"5,6",,1,2,,,,,,,,,,,,,
100,328,1,R_3e9NMx9PeQm44gb,EN-GB,2,48,France,Hettange Grande,"1,11,13,14,15,16,17",3,5,3,3,5,7,7,2,3,4,1,4,"1,2",Tesla model S,4,"1,2,6",3,1,4,"2,3",2,4,4,4,4,3,2,"3,4,5,6",,"2,6",,4,2,,,,,,,,,,,,,
100,352,1,R_3fcRBD8XQ6VRQ3C,DE,1,34,Luxemburg,canach,"1,14,15,16",1,1,2,2,5,8,7,2,3,3,1,4,1,Tesla,4,"5,6",1,3,2,1,1,4,4,4,3,3,2,"1,2,4,7",,"4,5,6",,1,2,,,,,,,,,,,,,
100,3305,1,R_2YwWArajy2aK0al,EN-GB,1,29,Luxembourg,Niederanven,"1,12,14,15",2,2,2,3,4,8,5,2,3,2,1,4,"1,3",Tesla,1,2,1,1,1,2,2,4,3,3,1,1,1,"3,5,6",,8,Less flexibility on timings,1,2,,,,,,,,,,,,,
100,348,1,R_yl8o7b88AOnyDbb,DE,1,30,Luxemburg,Belvaux,"1,14,15,16,17",2,2,3,2,4,8,7,2,3,3,1,4,"1,3",Tesla,4,"2,3,5,7",1,1,2,1,2,4,4,4,3,3,2,"2,7",,"5,6",,3,1,,,,,,,,,,,,,
100,818,1,R_AnRF7RB8Fibk7u1,FR,1,51,France,Villerupt,17,1,3,2,2,5,4,4,2,3,3,1,4,1,Tesla,4,2,1,1,4,1,2,3,3,3,4,4,4,"1,4,6,7",,1,,1,3,,,,,,,,,,,,,
100,448,1,R_1HkRia68FaqCdHF,DE,2,38,Deutschland,Bitburg,"14,15,16,17",2,5,3,3,5,8,6,2,3,4,1,4,1,Audi Etron,"2,3","1,4",3,1,2,1,1,4,4,4,4,1,1,"1,2,6,7,8",,6,,1,3,,,,,,,,,,,,,
100,345,1,R_1dtN1DtnXSlwcyA,DE,1,36,Luxembourg,Grevenmacher,"1,12,14,15,16",1,2,4,2,5,7,7,2,3,4,1,4,1,Tesla,4,"1,4,6",1,1,2,1,1,4,4,4,1,1,3,"1,2,4,7",,"4,5,6",,1,2,,,,,,,,,,,,,
